<?xml version="1.0" encoding="UTF-8" standalone="yes"?>
<addon id="repository.stuartsbuild" name="Stuartsbuild" version="1.0" provider-name="Stuart">
	<extension point="xbmc.addon.repository" name="Stuartsbuild">
		<info compressed="false">http://stuartsbuild.x10host.com/zips/addons.xml</info>
		<checksum>http://stuartsbuild.x10host.com/zips/addons.xml.md5</checksum>
		<datadir zip="true">https://archive.org/download/stu55/stu55.zip</datadir>
	</extension>
	<extension point="xbmc.addon.metadata">
		<summary>Simple Kodi Tutorial.</summary>
		<description>How to create a Kodi Repository</description>
		<platform>all</platform>
	</extension>
</addon>

